Title,Source,Time
"""난민 팔 묶고 바다로 던져""…그리스 해안경비대 '부인'",JTBC·12:43,12:43
주식 랠리하는데 비트코인 투자할 이유 있나…비트 6.5만달러 붕괴,뉴스1·12:43,12:43
"[기후는 말한다] 싱가포르, 석유 유출에 해안 추가 폐쇄",KBS·12:38,12:38
"[기후는 말한다] 유럽연합, ‘자연복원법’ 제정",KBS·12:38,12:38
"홍콩증시, 태풍 몰아쳐도 휴장 안한다",한국경제TV·12:37,12:37
NBA Finals Basketball,연합뉴스·12:37,12:37
NBA Finals Basketball,연합뉴스·12:35,12:35
APTOPIX NBA Finals Basketball,연합뉴스·12:35,12:35
“태풍 와도 증시 문 연다”,문화일보·12:34,12:34
고위험 경계했지만…'유로2024' 축구팬 집단 난투극,SBS·12:33,12:33
LA 산불 사흘째…여의도 면적 20배 태워,KBS·12:33,12:33
올림픽 수상 개막식 예행연습…배 50여 척 센강 행진,KBS·12:33,12:33
난투극에 곡괭이까지…폭력 사태에 유로 2024 비상,KBS·12:31,12:31
"결혼 앞두고 교통사고로 사망한 커플, ‘영혼 결혼식’으로 부부된다",문화일보·12:30,12:30
"유럽2024, 시작부터 ‘훌리건 난동’으로 얼룩 [이런뉴스]",KBS·12:26,12:26
NBA Finals Basketball,연합뉴스·12:24,12:24
APTOPIX Giants Cubs Baseball,연합뉴스·12:24,12:24
평범한 이웃인 줄 알았는데…유럽서 러시아 스파이 기승,연합뉴스·12:23,12:23
Dodgers Rockies Baseball,연합뉴스·12:23,12:23
APTOPIX NBA Finals Basketball,연합뉴스·12:23,12:23
APTOPIX NBA Finals Basketball,연합뉴스·12:22,12:22
산불 발생해 연기 솟아 오르는 뉴멕시코의 숲,뉴스1·12:22,12:22
산불 발생해 불길과 연기로 덮인 뉴멕시코의 숲,뉴스1·12:22,12:22
"러시아 해군, 동해·태평양에서 11일간 군사 훈련",경향신문·12:22,12:22
산불 현장 출동해 지시 기다리는 뉴멕시코 소방대원,뉴스1·12:22,12:22
산불 발생 현장 출동한 뉴멕시코 소방대원들,뉴스1·12:22,12:22
산불 발생해 거세게 불길 확산되는 뉴멕시코 숲,뉴스1·12:21,12:21
Thailand Politics,연합뉴스·12:21,12:21
산불 발생해 연기 솟구치는 뉴멕시코의 숲,뉴스1·12:21,12:21
"파리올림픽, 최악 폭염 속 치러질 듯…에어컨 없는 선수촌 비상",연합뉴스·12:21,12:21
미 “한반도 안보 영향 줄 상응 조치 우려”,KBS·12:21,12:21
"미 ""한반도 안보 영향 우려…방북 결과 주시""",SBS·12:21,12:21
"""난 투사 원한다""…트럼프, 러닝메이트로 누구 낙점할까",연합뉴스·12:20,12:20
Giants Cubs Baseball,연합뉴스·12:19,12:19
Dodgers Rockies Baseball,연합뉴스·12:19,12:19
NBA Finals Basketball,연합뉴스·12:18,12:18
Dodgers Rockies Baseball,연합뉴스·12:18,12:18
"푸틴, “북한과 유라시아 안보 구축”…“포괄적 전략 동반자 협정 가능성도”",KBS·12:18,12:18
"북·러 밀착에 ""한반도 안보·우크라 전황 우려""",MBC·12:16,12:16
"예루살렘서 수천명 반정부 시위…""인질 석방, 조기 총선""[이-팔 전쟁]",뉴시스·12:13,12:13
생리통인 줄 알았는데 임신…병원 방문 15시간 만에 출산 '황당',스포츠조선·12:13,12:13
[영상] 러시아 이어 미국 핵잠수함도 쿠바에…과연 우연의 일치?,연합뉴스·12:10,12:10
“서울 10분의 1 면적이…” 美 LA 덮친 대형 산불,전자신문·12:09,12:09
"SIPRI “핵보유국 핵의존도 커지고, 냉전 이후 핵무기 역할 높아져”",뉴시스·12:08,12:08
"결혼 앞두고 교통사고로 숨진 중국계 커플, '영혼 결혼식' 눈길",연합뉴스·12:08,12:08
"""트럼프 재집권시 中과 경제 관계 끊고, 지하 핵실험 재개해야""",서울경제·12:06,12:06
"""日기시다, 내달 독일 방문…숄츠 총리와 정상회담 검토""",뉴시스·12:04,12:04
Cardinals Marlins Baseball,연합뉴스·12:03,12:03
"홍콩, 9월 23일부터 태풍·폭우에도 증시 휴장 않기로",연합뉴스·12:02,12:02
APTOPIX Giants Cubs Baseball,연합뉴스·12:02,12:02
NBA Finals Basketball,연합뉴스·12:02,12:02
[인터뷰]“韓·캐나다 FTA 10년…교역액 82.5% 늘었다”,아시아경제·12:02,12:02
"미국·유럽 휩쓰는 극우, 이제는 우파 자리 대체했다",뉴스1·12:01,12:01
Australia China,연합뉴스·12:00,12:00
Giants Cubs Baseball,연합뉴스·12:00,12:00
법원 손에 놓인 태국정국 안갯속…전현직 총리·제1당 운명 걸려,연합뉴스·12:00,12:00
"중국한국상회, 中산둥성서 韓기업 지원 설명회",뉴시스·12:00,12:00
"미 “한반도안보 영향 미칠 우려”  EU “북, 러 지원 말라”",문화일보·12:00,12:00
"빅터 차 “북·러 회담, 한국전쟁 이후 미국에 가장 큰 위협”",문화일보·12:00,12:00
"판다 약속에 일방적 비자면제…중국, 정권 바뀐 호주에 적극 구애",한겨레·12:00,12:00
Cardinals Marlins Baseball,연합뉴스·11:59,11:59
Brewers Angels Baseball,연합뉴스·11:59,11:59
"조지아주 주택 화재, 어린이 셋 포함 6명 사망",뉴시스·11:59,11:59
미 조지아주 주택 화재 현장 조사하는 경찰,뉴시스·11:59,11:59
"미 조지아주 주택 화재, 어린이 등 6명 사망",뉴시스·11:59,11:59
Giants Cubs Baseball,연합뉴스·11:59,11:59
NBA Finals Basketball,연합뉴스·11:59,11:59
NBA Finals Basketball,연합뉴스·11:59,11:59
Cardinals Marlins Baseball,연합뉴스·11:59,11:59
Giants Cubs Baseball,연합뉴스·11:58,11:58
긴장 팽팽한 미-멕시코 국경…이번엔 난민 아닌 물 부족 때문,연합뉴스·11:58,11:58
비공식 회담에서 '가장 중요하고 민감한 문제' 논의,YTN·11:58,11:58
NBA Finals Basketball,연합뉴스·11:57,11:57
트럼프 수입관세 공약은 국내 증세…가구당 연 200만원대 부담↑,SBS Biz·11:57,11:57
"중국, 돌연 또 `요소 수출` 중단…""한국, 중국 의존도 88%서 13%로 낮춰""",디지털타임스·11:56,11:56
콤보스 키프로스 외무 장관 안내하는 블링컨 국무,뉴스1·11:55,11:55
"일본 3050 중년 직장인 급여 상승률, 60대에게도 밀렸다",한겨레·11:55,11:55
호주증권거래소도 비트코인 현물 ETF 상장 승인,뉴시스·11:55,11:55
콤보스 키프로스 외무와 취재진 만나는 블링컨 국무,뉴스1·11:54,11:54
Brewers Angels Baseball,연합뉴스·11:54,11:54
"일본, 푸틴 방북에 ""북러 군사협력 우려 갖고 주시""",뉴스1·11:54,11:54
취재진 만나는 블링컨과 콤보스 키프로스 외무,뉴스1·11:54,11:54
"'간달프' 영국 명배우 이안 맥켈런, 연극 무대서 추락해 병원행",SBS·11:54,11:54
"지지층 떠날라…바이든, 미국인과 결혼한 불법체류자 구제",이데일리·11:53,11:53
Dodgers Rockies Baseball,연합뉴스·11:53,11:53
California Wildfires,연합뉴스·11:52,11:52
U.S.-CHICAGO-HEAT WAVE,연합뉴스·11:52,11:52
California Wildfires,연합뉴스·11:51,11:51
California Wildfires,연합뉴스·11:51,11:51
California Wildfires,연합뉴스·11:51,11:51
IMF “AI가 심각한 불평등 부른다” 경고,문화일보·11:51,11:51
"日자민 ‘기시다 퇴진론’ 분출… 일각 “내분만 부각, 시기상조”",문화일보·11:51,11:51
‘필리핀 내전’ 루머 급증… 中공작 가능성,문화일보·11:51,11:51
트럼프 핵심측근 “재집권시 對中 경제관계 단절”,문화일보·11:51,11:51
트럼프 유죄에 무당파 ‘흔들’… 바이든 “그는 범죄자” 저격 광고,문화일보·11:51,11:51
거세지는 이스라엘 反정부시위...네타냐후 관저 인근서 9명 연행,문화일보·11:51,11:51
"러 해군, 푸틴 방북 맞춰 동해·태평양 등서 훈련 개시",문화일보·11:51,11:51
“푸틴-김정은 둘이서 ‘은밀한 대화’”…북한서 뭐하나 보니[핫이슈],서울신문·11:51,11:51
Korean food firms capitalize on international travel surge,매일경제·11:51,11:51
하지 의식 치르기 위해 모여드는 무슬림 순례자들,뉴시스·11:48,11:48
무더위 속 시원한 물 스프레이 맞는 하지 순례객,뉴시스·11:48,11:48
"""영국 군인, 훈련지 케냐 여성들 성착취 자행…진실 규명 작업""",연합뉴스·11:48,11:48
하지 순례 마지막 의식 치르는 무슬림들,뉴시스·11:48,11:48
Cardinals Marlins Baseball,연합뉴스·11:48,11:48
AUSTRALIA CHINA DIPLOPMACY,연합뉴스·11:48,11:48
"""Horizon: An American Saga"" Cast in Conversation at 92NY",연합뉴스·11:48,11:48
"'간달프' 이안 맥켈런 추락에 발칵…목격자 ""소름 끼쳤다""",한국경제·11:48,11:48
"""Horizon: An American Saga"" Cast in Conversation at 92NY",연합뉴스·11:47,11:47
"""Horizon: An American Saga"" Cast in Conversation at 92NY",연합뉴스·11:47,11:47
"""Horizon: An American Saga"" Cast in Conversation at 92NY",연합뉴스·11:47,11:47
AUSTRALIA CHINA DIPLOPMACY,연합뉴스·11:47,11:47
"""Horizon: An American Saga"" Cast in Conversation at 92NY",연합뉴스·11:47,11:47
"""Horizon: An American Saga"" Cast in Conversation at 92NY",연합뉴스·11:47,11:47
"""Horizon: An American Saga"" Cast in Conversation at 92NY",연합뉴스·11:47,11:47
"""Horizon: An American Saga"" Cast in Conversation at 92NY",연합뉴스·11:47,11:47
아이스크림서 ‘손톱 박힌 손가락’이 왜?…초콜렛인 줄 알았는데 ‘경악’,조선일보·11:46,11:46
"이스라엘 ""팔레스타인 국가 인정 확산에 서안 정착촌 강화""",MBC·11:46,11:46
Cardinals Marlins Baseball,연합뉴스·11:46,11:46
Dodgers Rockies Baseball,연합뉴스·11:45,11:45
Dodgers Rockies Baseball,연합뉴스·11:45,11:45
中 '요소 수출' 또 중단…국내 영향은,한국경제TV·11:45,11:45
"이스라엘 전시 내각 해산, 휴전 협상 미칠 영향은···“강경파에 힘 실릴 것”",경향신문·11:45,11:45
NBA Finals Basketball,연합뉴스·11:44,11:44
"중국, 또 돌연 ‘요소 수출’ 중단…“가격급등 속 공급 보장 차원”",KBS·11:44,11:44
NBA Finals Basketball,연합뉴스·11:44,11:44
Giants Cubs Baseball,연합뉴스·11:43,11:43
Red Sox Blue Jays Basketball,연합뉴스·11:43,11:43
존 커비“푸틴 방북이 한반도 안보 영향 미칠 수도”,뉴스1·11:43,11:43
Reds Pirates Baseball,연합뉴스·11:43,11:43
Giants Cubs Baseball,연합뉴스·11:43,11:43
Giants Cubs Baseball,연합뉴스·11:43,11:43
Reds Pirates Baseball,연합뉴스·11:43,11:43
Cardinals Marlins Baseball,연합뉴스·11:43,11:43
"커비 보좌관 ""푸틴 방북으로 양국 관계 심화 우려""",뉴스1·11:42,11:42
NBA Finals Celtics Watch Party Basketball,연합뉴스·11:42,11:42
버스 끊겨서 냉동트럭 탄 여성 노동자들…결국,문화일보·11:42,11:42
비만약 열풍에 미국인들 살 빠지자 '이 업계' 신났다,MBN·11:42,11:42
"모리셔스브라운, 美 1호점 워싱턴주 켄모어점 오픈",국민일보·11:41,11:41
"러 해군, 푸틴 방북 맞춰 동해·태평양 등 훈련 시작…28일까지",KBS·11:41,11:41
'Escape' to explore innate desire for freedom through story of N. Korean defector,코리아헤럴드·11:40,11:40
"<민족의 영웅, 홍범도와 함께 걷다> 중앙아시아 답사 모집 안내",경향신문·11:40,11:40
"중국 매체 차이신, 푸틴 방북 “경계…유사시 자동 군사개입 우려”",KBS·11:39,11:39
"[그래픽] 푸틴, 북한 국빈 방문 주요 수행단",연합뉴스·11:38,11:38
"러 해군, 푸틴 방북 맞춰 동해·태평양 등 훈련 시작…28일까지",연합뉴스·11:38,11:38
바비큐 꼬치에 스프레이 '칙칙'…주인 해명 들어봤더니 ‘황당’,헤럴드경제·11:37,11:37
"[영상] ""우크라, 러 활공폭탄 진원지 벌떼공격""…며칠새 '사라진 Su-34'",연합뉴스·11:37,11:37
"믿을 수 있는 건 가족뿐?…푸틴, 국방차관에 조카 임명",뉴스1·11:37,11:37
"진콘 홍보대사 '조디 아누랍', ""인플루언서 콘텐츠는 10년 후 영향…항상 신중해야""",머니투데이·11:36,11:36
"""러 해군, 오늘부터 동해·태평양 등서 훈련"" (타스)",SBS Biz·11:36,11:36
"푸틴 방북에 美 “한반도에 영향 줄 조치 우려” 우크라 ""외로운 브로맨스""",중앙일보·11:35,11:35
